{
  "content": [
    {
      "path": "de-DE.locPak",
      "size": 2203,
      "date": 132408494923420641
    },
    {
      "path": "en-US.locPak",
      "size": 1806,
      "date": 132408494923400647
    },
    {
      "path": "es-ES.locPak",
      "size": 2000,
      "date": 132408494923391080
    },
    {
      "path": "fr-FR.locPak",
      "size": 2050,
      "date": 132408494923420641
    },
    {
      "path": "it-IT.locPak",
      "size": 2014,
      "date": 132408494923430644
    },
    {
      "path": "pl-PL.locPak",
      "size": 2151,
      "date": 132408494923391080
    },
    {
      "path": "pt-BR.locPak",
      "size": 1952,
      "date": 132408494923380630
    },
    {
      "path": "ru-RU.locPak",
      "size": 2967,
      "date": 132408494923410865
    },
     {
      "path": "effects/LIGHT_ASOBO_Cowl_B36.fx",
      "size": 1135,
      "date": 134275378000000000
   }, 
   {
      "path": "effects/LIGHT_ASOBO_Landing_B36.fx",
      "size": 1135,
      "date": 134275378000000000
   }, 
   {
      "path": "effects/LIGHT_ASOBO_Landing_B362.fx",
      "size": 1135,
      "date": 134275378000000000
   }, 
  {
      "path": "effects/LIGHT_ASOBO_Wing_B36Left.fx",
      "size": 1135,
      "date": 134275378000000000
   }, 
  {
      "path": "effects/LIGHT_ASOBO_Wing_B36Right.fx",
      "size": 1135,
      "date": 134275378000000000
   }, 
   {
      "path": "effects/LIGHT_ASOBO_Stab_B36Right.fx",
      "size": 1135,
      "date": 134275378000000000
   }, 
   {
      "path": "effects/LIGHT_ASOBO_Stab_B36Left.fx",
      "size": 1135,
      "date": 134275378000000000
   }, 
  {
      "path": "effects/LIGHT_ASOBO_NavigationGreen_B362.fx",
      "size": 1135,
      "date": 134275378000000000
   }, 
  {
      "path": "effects/LIGHT_ASOBO_NavigationRed_B362.fx",
      "size": 1135,
      "date": 134275378000000000
   }, 
  {
      "path": "effects/LIGHT_ASOBO_Taxi_B36.fx",
      "size": 1141,
      "date": 134275377000000000
    },
   {
      "path": "effects/LIGHT_ASOBO_BeaconTop_B36.fx",
      "size": 1141,
      "date": 134275377000000000
    },
    {
      "path": "effects/LIGHT_ASOBO_NavigationGreen_B36.fx",
      "size": 1141,
      "date": 134275377000000000
    },
     {
      "path": "effects/LIGHT_ASOBO_NavigationRed_B36.fx",
      "size": 1141,
      "date": 134275377000000000
    },
     {
      "path": "effects/LIGHT_ASOBO_NavigationWhite_B36.fx",
      "size": 1141,
      "date": 134275377000000000
    },
    {
      "path": "effects/LIGHT_ASOBO_Glareshield_B36.fx",
      "size": 1141,
      "date": 134275377000000000
    },
     {
      "path": "effects/LIGHT_ASOBO_StrobeSimple_B36.fx",
      "size": 1141,
      "date": 134275377000000000
    },
    {
      "path": "SimObjects/Airplanes/Asobo_Bonanza_G36/aircraft.cfg",
      "size": 3096,
      "date": 132361708930000000
    },
   {
      "path": "SimObjects/Airplanes/Asobo_Bonanza_G36/cameras.cfg",
      "size": 2121,
      "date": 132302164580000000
    },
    {
      "path": "SimObjects/Airplanes/Asobo_Bonanza_G36/engines.cfg",
      "size": 9121,
      "date": 132302164980000000
    },
    {
      "path": "SimObjects/Airplanes/Asobo_Bonanza_G36/flight_model.cfg",
      "size": 15824,
      "date": 132411047970000000
    },
    {
      "path": "SimObjects/Airplanes/Asobo_Bonanza_G36/systems.cfg",
      "size": 11424,
      "date": 132387737630000000
    }, 
    {
      "path": "SimObjects/Airplanes/Asobo_Bonanza_G36/TEXTURE.1/BONANZA_AIRFRAME_LIVERY_ALBD.PNG.DDS",
      "size": 2872,
      "date": 132400238225039852
    },
    {
      "path": "SimObjects/Airplanes/Asobo_Bonanza_G36/TEXTURE.1/BONANZA_AIRFRAME_LIVERY_ALBD.PNG.DDS.json",
      "size": 102,
      "date": 132400238225019851
    },   
    {
      "path": "SimObjects/Airplanes/Asobo_Bonanza_G36/TEXTURE.1/TEXTURE.CFG",
      "size": 207,
      "date": 132207049640000000
    },
    {
      "path": "SimObjects/Airplanes/Asobo_Bonanza_G36/TEXTURE.1/thumbnail.JPG",
      "size": 254927,
      "date": 132200106730000000
    },
    {
      "path": "SimObjects/Airplanes/Asobo_Bonanza_G36/TEXTURE.1/thumbnail_small.JPG",
      "size": 35414,
      "date": 132270120840000000
    },
    {
      "path": "SimObjects/Airplanes/Asobo_Bonanza_G36/TEXTURE.2/BONANZA_AIRFRAME_LIVERY_ALBD.PNG.DDS",
      "size": 2872,
      "date": 132400238225039852
    },
    {
      "path": "SimObjects/Airplanes/Asobo_Bonanza_G36/TEXTURE.2/BONANZA_AIRFRAME_LIVERY_ALBD.PNG.DDS.json",
      "size": 102,
      "date": 132400238225019851
    },   
    {
      "path": "SimObjects/Airplanes/Asobo_Bonanza_G36/TEXTURE.2/TEXTURE.CFG",
      "size": 207,
      "date": 132207049640000000
    },
    {
      "path": "SimObjects/Airplanes/Asobo_Bonanza_G36/TEXTURE.2/thumbnail.JPG",
      "size": 254927,
      "date": 132200106730000000
    },
    {
      "path": "SimObjects/Airplanes/Asobo_Bonanza_G36/TEXTURE.2/thumbnail_small.JPG",
      "size": 35414,
      "date": 132270120840000000
     },  
 {
      "path": "SimObjects/Airplanes/Asobo_Bonanza_G36/TEXTURE.3/BONANZA_AIRFRAME_LIVERY_ALBD.PNG.DDS",
      "size": 2872,
      "date": 132400238225039852
    },
    {
      "path": "SimObjects/Airplanes/Asobo_Bonanza_G36/TEXTURE.3/BONANZA_AIRFRAME_LIVERY_ALBD.PNG.DDS.json",
      "size": 102,
      "date": 132400238225019851
    },   
    {
      "path": "SimObjects/Airplanes/Asobo_Bonanza_G36/TEXTURE.3/TEXTURE.CFG",
      "size": 207,
      "date": 132207049640000000
    },
    {
      "path": "SimObjects/Airplanes/Asobo_Bonanza_G36/TEXTURE.3/thumbnail.JPG",
      "size": 254927,
      "date": 132200106730000000
    },
    {
      "path": "SimObjects/Airplanes/Asobo_Bonanza_G36/TEXTURE.3/thumbnail_small.JPG",
      "size": 35414,
      "date": 132270120840000000
     },   
 {
      "path": "SimObjects/Airplanes/Asobo_Bonanza_G36/TEXTURE.4/BONANZA_AIRFRAME_LIVERY_ALBD.PNG.DDS",
      "size": 2872,
      "date": 132400238225039852
    },
    {
      "path": "SimObjects/Airplanes/Asobo_Bonanza_G36/TEXTURE.4/BONANZA_AIRFRAME_LIVERY_ALBD.PNG.DDS.json",
      "size": 102,
      "date": 132400238225019851
    },   
    {
      "path": "SimObjects/Airplanes/Asobo_Bonanza_G36/TEXTURE.4/TEXTURE.CFG",
      "size": 207,
      "date": 132207049640000000
    },
    {
      "path": "SimObjects/Airplanes/Asobo_Bonanza_G36/TEXTURE.4/thumbnail.JPG",
      "size": 254927,
      "date": 132200106730000000
    },
    {
      "path": "SimObjects/Airplanes/Asobo_Bonanza_G36/TEXTURE.4/thumbnail_small.JPG",
      "size": 35414,
      "date": 132270120840000000
     },
      {
      "path": "SimObjects/Airplanes/Asobo_Bonanza_G36/TEXTURE.5/BONANZA_AIRFRAME_LIVERY_ALBD.PNG.DDS",
      "size": 2872,
      "date": 132400238225039852
    },
    {
      "path": "SimObjects/Airplanes/Asobo_Bonanza_G36/TEXTURE.5/BONANZA_AIRFRAME_LIVERY_ALBD.PNG.DDS.json",
      "size": 102,
      "date": 132400238225019851
    },   
    {
      "path": "SimObjects/Airplanes/Asobo_Bonanza_G36/TEXTURE.5/TEXTURE.CFG",
      "size": 207,
      "date": 132207049640000000
    },
    {
      "path": "SimObjects/Airplanes/Asobo_Bonanza_G36/TEXTURE.5/thumbnail.JPG",
      "size": 254927,
      "date": 132200106730000000
    },
    {
      "path": "SimObjects/Airplanes/Asobo_Bonanza_G36/TEXTURE.5/thumbnail_small.JPG",
      "size": 35414,
      "date": 132270120840000000
     },
       {
      "path": "SimObjects/Airplanes/Asobo_Bonanza_G36/TEXTURE.6/BONANZA_AIRFRAME_LIVERY_ALBD.PNG.DDS",
      "size": 2872,
      "date": 132400238225039852
    },
    {
      "path": "SimObjects/Airplanes/Asobo_Bonanza_G36/TEXTURE.6/BONANZA_AIRFRAME_LIVERY_ALBD.PNG.DDS.json",
      "size": 102,
      "date": 132400238225019851
    },   
    {
      "path": "SimObjects/Airplanes/Asobo_Bonanza_G36/TEXTURE.6/TEXTURE.CFG",
      "size": 207,
      "date": 132207049640000000
    },
    {
      "path": "SimObjects/Airplanes/Asobo_Bonanza_G36/TEXTURE.6/thumbnail.JPG",
      "size": 254927,
      "date": 132200106730000000
    },
    {
      "path": "SimObjects/Airplanes/Asobo_Bonanza_G36/TEXTURE.6/thumbnail_small.JPG",
      "size": 35414,
      "date": 132270120840000000
     },
      {
      "path": "SimObjects/Airplanes/Asobo_Bonanza_G36/TEXTURE.7/BONANZA_AIRFRAME_LIVERY_ALBD.PNG.DDS",
      "size": 2872,
      "date": 132400238225039852
    },
    {
      "path": "SimObjects/Airplanes/Asobo_Bonanza_G36/TEXTURE.7/BONANZA_AIRFRAME_LIVERY_ALBD.PNG.DDS.json",
      "size": 102,
      "date": 132400238225019851
    },   
    {
      "path": "SimObjects/Airplanes/Asobo_Bonanza_G36/TEXTURE.7/TEXTURE.CFG",
      "size": 207,
      "date": 132207049640000000
    },
    {
      "path": "SimObjects/Airplanes/Asobo_Bonanza_G36/TEXTURE.7/thumbnail.JPG",
      "size": 254927,
      "date": 132200106730000000
    },
    {
      "path": "SimObjects/Airplanes/Asobo_Bonanza_G36/TEXTURE.7/thumbnail_small.JPG",
      "size": 35414,
      "date": 132270120840000000
     },
       {
      "path": "SimObjects/Airplanes/Asobo_Bonanza_G36/TEXTURE.8/BONANZA_AIRFRAME_LIVERY_ALBD.PNG.DDS",
      "size": 2872,
      "date": 132400238225039852
    },
    {
      "path": "SimObjects/Airplanes/Asobo_Bonanza_G36/TEXTURE.8/BONANZA_AIRFRAME_LIVERY_ALBD.PNG.DDS.json",
      "size": 102,
      "date": 132400238225019851
    },   
    {
      "path": "SimObjects/Airplanes/Asobo_Bonanza_G36/TEXTURE.8/TEXTURE.CFG",
      "size": 207,
      "date": 132207049640000000
    },
    {
      "path": "SimObjects/Airplanes/Asobo_Bonanza_G36/TEXTURE.8/thumbnail.JPG",
      "size": 254927,
      "date": 132200106730000000
    },
    {
      "path": "SimObjects/Airplanes/Asobo_Bonanza_G36/TEXTURE.8/thumbnail_small.JPG",
      "size": 35414,
      "date": 132270120840000000
     },
      {
      "path": "SimObjects/Airplanes/Asobo_Bonanza_G36/TEXTURE.9/BONANZA_AIRFRAME_LIVERY_ALBD.PNG.DDS",
      "size": 2872,
      "date": 132400238225039852
    },
    {
      "path": "SimObjects/Airplanes/Asobo_Bonanza_G36/TEXTURE.9/BONANZA_AIRFRAME_LIVERY_ALBD.PNG.DDS.json",
      "size": 102,
      "date": 132400238225019851
    },   
    {
      "path": "SimObjects/Airplanes/Asobo_Bonanza_G36/TEXTURE.9/TEXTURE.CFG",
      "size": 207,
      "date": 132207049640000000
    },
    {
      "path": "SimObjects/Airplanes/Asobo_Bonanza_G36/TEXTURE.9/thumbnail.JPG",
      "size": 254927,
      "date": 132200106730000000
    },
    {
      "path": "SimObjects/Airplanes/Asobo_Bonanza_G36/TEXTURE.9/thumbnail_small.JPG",
      "size": 35414,
      "date": 132270120840000000
     },
     {
      "path": "ModelBehaviorDefs/Asobo/Exterior.xml",
       "size": 4486,
       "date": 13245353215208243
     }       
  ]
}