<PlaneHTMLConfig>

	<Instrument>
		<Name>AS1000_PFD</Name>
		<SyntheticVision>True</SyntheticVision>
		<Electric>
			<Simvar name="CIRCUIT ON:25" unit="Boolean"/>
		</Electric>
    <ReversionaryMode>True</ReversionaryMode>
	</Instrument>

	<Instrument>
		<Name>AS1000_MFD</Name>
		<Electric>
			<Simvar name="CIRCUIT ON:26" unit="Boolean"/>
		</Electric>
	</Instrument>

  <Logic>
    <Handler>Systems_AS1000</Handler>
    <PFD>AS1000_PFD</PFD>
    <MFD>AS1000_MFD</MFD>
  </Logic>

	<Annunciations>
		<!-- <Annunciation> -->
			<!-- <Type>Caution</Type> -->
			<!-- <Text>L FUEL LOW</Text> -->
			<!-- <Condition> -->
				<!-- <Lower> -->
					<!-- <Simvar name="FUEL TANK LEFT MAIN QUANTITY" unit="gallon"/> -->
					<!-- <Constant>4</Constant> -->
				<!-- </Lower> -->
			<!-- </Condition> -->
		<!-- </Annunciation> -->
		<!-- <Annunciation> -->
			<!-- <Type>Caution</Type> -->
			<!-- <Text>R FUEL LOW</Text> -->
			<!-- <Condition> -->
				<!-- <Lower> -->
					<!-- <Simvar name="FUEL TANK RIGHT MAIN QUANTITY" unit="gallon"/> -->
					<!-- <Constant>4</Constant> -->
				<!-- </Lower> -->
			<!-- </Condition> -->
		<!-- </Annunciation> -->

		<Annunciation>
			<Type>Warning</Type>
			<Text>GEAR UP</Text>		
			<Condition>
				<And>
					<Simvar name="IS GEAR RETRACTABLE" unit="Boolean"/>
					<Not>
						<Simvar name="GEAR HANDLE POSITION" unit="Boolean"/>
					</Not>
					<Or>
						<Greater>
							<Simvar name="FLAPS HANDLE INDEX" unit="number"/>
							<Constant>1</Constant>
						</Greater>
						<Equal>
							<Simvar name="GENERAL ENG THROTTLE LEVER POSITION:1" unit="percent"/>
							<Constant>0</Constant>
						</Equal>
					</Or>
				</And>
			</Condition>
		</Annunciation>

		<Annunciation>
			<Type>Caution</Type>
			<Text>LOW VOLTS</Text>
			<Condition>
				<And>
					<Lower>
						<Simvar name="ELECTRICAL MAIN BUS VOLTAGE:1" unit="volts"/>
						<Constant>25</Constant>
					</Lower>
					<Or>
						<Greater>
							<Simvar name="ELECTRICAL BATTERY LOAD:1" unit="amps"/>
							<Constant>0</Constant>
						</Greater>
						<Greater>
							<Simvar name="ELECTRICAL BATTERY LOAD:2" unit="amps"/>
							<Constant>0</Constant>
						</Greater>
					</Or>
				</And>
			</Condition>
		</Annunciation>
		
		<Annunciation>
			<Type>Caution</Type>
			<Text>PITOT FAIL</Text>
			<Condition>
				<Simvar name="PARTIAL PANEL PITOT" unit="Boolean"/>
			</Condition>
		</Annunciation>
				
		<Annunciation>
			<Type>Caution</Type>
			<Text>CHECK GEAR</Text>
			<Condition>
				<Or>
					<And>
						<Simvar name="SIM ON GROUND" unit="Boolean"/>
						<Not>
							<Simvar name="GEAR HANDLE POSITION" unit="Boolean"/>
						</Not>
					</And>
					<And>
						<Greater>
							<Simvar name="GEAR CENTER POSITION" unit="Percent"/>
							<Constant>0</Constant>
						</Greater>
						<Lower>
							<Simvar name="GEAR CENTER POSITION" unit="Percent"/>
							<Constant>100</Constant>
						</Lower>
					</And>
					<And>
						<Greater>
							<Simvar name="GEAR LEFT POSITION" unit="Percent"/>
							<Constant>0</Constant>
						</Greater>
						<Lower>
							<Simvar name="GEAR LEFT POSITION" unit="Percent"/>
							<Constant>100</Constant>
						</Lower>
					</And>
					<And>
						<Greater>
							<Simvar name="GEAR RIGHT POSITION" unit="Percent"/>
							<Constant>0</Constant>
						</Greater>
						<Lower>
							<Simvar name="GEAR RIGHT POSITION" unit="Percent"/>
							<Constant>100</Constant>
						</Lower>
					</And>
				</Or>
			</Condition>
		</Annunciation>

	</Annunciations>
	
	  <!-- Voices Alerts -->
  
  <VoicesAlerts>
  
	<Alert>
		<Type>SoundOnly</Type>
		<SoundEvent>aural_500ft</SoundEvent>
		<Condition>
			<StateMachine>
				<State id="Under" value="0">
					<Transition to="Over">
						<GreaterEqual>
							<Simvar name="PLANE ALT ABOVE GROUND MINUS CG" unit="feet"/>
							<Constant>510</Constant>
						</GreaterEqual>
					</Transition>
				</State>
				<State id="Over" value="0">
					<Transition to="Alerting">
						<LowerEqual>
							<Simvar name="PLANE ALT ABOVE GROUND MINUS CG" unit="feet"/>
							<Constant>500</Constant>
						</LowerEqual>
					</Transition>
				</State>
				<State id="Alerting" value="1">
					<Transition to="Under">
						<Constant>1</Constant>
					</Transition>
				</State>
			</StateMachine>
		</Condition>
	</Alert>
	
	<Alert>
		<Type>SoundOnly</Type>
		<SoundEvent>aural_stall</SoundEvent>
		<Condition>
			<Simvar name="STALL WARNING" unit="Bool"/>
		</Condition>
	</Alert>
	
	<Alert>
		<Type>Warning</Type>
		<ShortText>PULL UP</ShortText>
		<LongText>PULL UP</LongText>
		<SoundEvent>aural_pull_up</SoundEvent>
		<Condition>
			<And>
				<LinearMultiPoint>
					<Table>
						<ReferencePoints>1160,2320,4930,12000</ReferencePoints>
						<Maximums>0,1070,2380,4285</Maximums>
					</Table>
					<Param>
						<Multiply>
							<Simvar name="VERTICAL SPEED" unit="feet per minute"/>
							<Constant>-1</Constant>
						</Multiply>
					</Param>
					<Param>
						<Simvar name="PLANE ALT ABOVE GROUND" unit="feet"/>
					</Param>
				</LinearMultiPoint>
				<Not>
					<Simvar name="SIM ON GROUND" unit="bool"/>
				</Not>
			</And>
		</Condition>
	</Alert>
	
	<Alert>
		<Type>SoundOnly</Type>
		<SoundEvent>aural_overspeed</SoundEvent>
		<Condition>
			<Simvar name="OVERSPEED WARNING" unit="bool"/>
		</Condition>
	</Alert>
	
	<Alert>
		<Type>Caution</Type>
		<ShortText>TERRAIN</ShortText>
		<LongText>SINK RATE</LongText>
		<Condition>
				<And>
					<LinearMultiPoint>
						<Table>
							<ReferencePoints>1160,2320,4930,12000</ReferencePoints>
							<Minimums>0,1070,2380,4285</Minimums>
							<Maximums>0,1460,2980,5360</Maximums>
						</Table>
						<Param>
							<Multiply>
								<Simvar name="VERTICAL SPEED" unit="feet per minute"/>
								<Constant>-1</Constant>
							</Multiply>
						</Param>
						<Param>
							<Simvar name="PLANE ALT ABOVE GROUND" unit="feet"/>
						</Param>
					</LinearMultiPoint>
					<Not>
						<Simvar name="SIM ON GROUND" unit="bool"/>
					</Not>
				</And>
		</Condition>
	</Alert>
	
	<Alert>
		<Type>Caution</Type>
		<ShortText>TERRAIN</ShortText>
		<LongText>DONT' SINK</LongText>
		<Condition>
			<And>
				<Lower>
					<DistanceFromOrigin/>
					<Constant>2</Constant>
				</Lower>
				<Lower>
					<HeadingChangeFromDeparture/>
					<Constant>110</Constant>
				</Lower>
				<Or>
					<LinearMultiPoint>
						<Table>
							<ReferencePoints>0,500,7000</ReferencePoints>
							<Maximums>50,700,700</Maximums>
								<Minimums>50,50,50</Minimums>
						</Table>
						<Param>
							<Multiply>
								<Simvar name="VERTICAL SPEED" unit="feet per minute"/>
								<Constant>-1</Constant>
							</Multiply>
						</Param>
						<Param>
							<Simvar name="PLANE ALT ABOVE GROUND" unit="feet"/>
						</Param>
					</LinearMultiPoint>
					<LinearMultiPoint>
						<Table>
							<ReferencePoints>10,70,150</ReferencePoints>
							<Maximums>50,700,700</Maximums>
								<Minimums>50,50,50</Minimums>
						</Table>
						<Param>
							<Substract>
								<MaxSinceStart>
									<Simvar name="PLANE ALTITUDE" unit="feet"/>
								</MaxSinceStart>
								<Simvar name="PLANE ALTITUDE" unit="feet"/>
							</Substract>
						</Param>
						<Param>
							<Simvar name="PLANE ALT ABOVE GROUND" unit="feet"/>
						</Param>
					</LinearMultiPoint>
				</Or>
			</And>
		</Condition>
	</Alert>
	
	<Alert>
		<Type>SoundOnly</Type>
		<SoundEvent>aural_landing_gear</SoundEvent>
		<Condition>
			<And>
				<Simvar name="IS GEAR RETRACTABLE" unit="Boolean"/>
				<Not>
					<Simvar name="GEAR HANDLE POSITION" unit="Boolean"/>
				</Not>
				<Or>
					<Greater>
						<Simvar name="FLAPS HANDLE INDEX" unit="number"/>
						<Constant>1</Constant>
					</Greater>
					<Equal>
						<Simvar name="GENERAL ENG THROTTLE LEVER POSITION:1" unit="percent"/>
						<Constant>0</Constant>
					</Equal>
				</Or>
			</And>
		</Condition>
	</Alert>
	
	<Alert>
		<Type>Test</Type>
		<ShortText>TAWS TEST</ShortText>
		<Condition>
			<And>
				<Lower>
					<TimeSinceStart/>
					<Constant>30000</Constant>
				</Lower>
				<InstrumentWasOff/>
			</And>
		</Condition>
	</Alert>
	
	<Alert>
		<Type>SoundOnly</Type>
		<SoundEvent>aural_taws_system_test_ok</SoundEvent>
		<Condition>
			<And>
				<Greater>
					<TimeSinceStart/>
					<Constant>30000</Constant>
				</Greater>
				<InstrumentWasOff/>
			</And>
		</Condition>
		<Once>True</Once>
	</Alert>

  </VoicesAlerts>
	
	<!-- Engine Display -->

  <EngineDisplay>
  
	  <Gauge>
		<Type>Circular</Type>
		<ID>MANIN_Gauge</ID>
		<Title>MAN IN</Title>
		<Minimum>0</Minimum>
		<Maximum>40</Maximum>
		<Value>
			<Simvar name="RECIP ENG MANIFOLD PRESSURE:1" unit="inHG"/>
		</Value>
		<ColorZone>
			<Color>white</Color>
			<Begin>0</Begin>
			<End>40</End>
		</ColorZone>
		<ColorZone>
			<Color>green</Color>
			<Begin>15</Begin>
			<End>29.6</End>
		</ColorZone>
	  </Gauge>
	  
	  <Gauge>
		<Type>Circular</Type>
		<ID>Piston_RPMGauge</ID>
		<Title></Title>
		<Unit>RPM</Unit>
		<Minimum>0</Minimum>
		<Maximum>3000</Maximum>
		<Style>
			<TextIncrement>10</TextIncrement>
		</Style>
		<Value>
			<Simvar name="PROP RPM:1" unit="rpm"/>
		</Value>
		<ColorZone>
			<Color>white</Color>
			<Begin>0</Begin>
			<End>3000</End>
		</ColorZone>
		<ColorZone>
			<Color>green</Color>
			<Begin>1800</Begin>
			<End>2710</End>
		</ColorZone>
		<ColorZone>
			<Color>red</Color>
			<Begin>2710</Begin>
			<End>3000</End>
		</ColorZone>
		<RedBlink>
			<Greater>
				<Simvar name="PROP RPM:1" unit="rpm"/>
				<Constant>2710</Constant>
			</Greater>
		</RedBlink>
	  </Gauge>
	  
	  <Gauge>
		<Type>Horizontal</Type>
		<ID>Piston_FFlowGauge</ID>
		<Title>FFLOW</Title>
		<Unit>GPH</Unit>
		<Minimum>0</Minimum>
		<Maximum>28</Maximum>
		<Value>
			<Simvar name="ENG FUEL FLOW GPH:1" unit="gallons per hour"/>
		</Value>
		<ColorZone>
			<Color>green</Color>
			<Begin>3</Begin>
			<End>25</End>
		</ColorZone>
		<ColorZone>
			<Color>red</Color>
			<Begin>25</Begin>
			<End>28</End>
		</ColorZone>
		<GraduationLength>2</GraduationLength>
		<GraduationTextLength>28</GraduationTextLength>
	  </Gauge>
	  
	  <Gauge>
		<Type>Horizontal</Type>
		<ID>Piston_ChtGauge</ID>
		<Title>CHT</Title>
		<Unit></Unit>
		<Minimum>0</Minimum>
		<Maximum>250</Maximum>
		<Value>
			<Simvar name="ENG CYLINDER HEAD TEMPERATURE:1" unit="celsius"/>
		</Value>
		<GraduationLength>50</GraduationLength>
		<BeginText></BeginText>
		<EndText></EndText>
		<ColorZone>
			<Color>green</Color>
			<Begin>116</Begin>
			<End>238</End>
		</ColorZone>
		<ColorZone>
			<Color>red</Color>
			<Begin>238</Begin>
			<End>250</End>
		</ColorZone>
	  </Gauge>
	  
	  <Gauge>
		<Type>Horizontal</Type>
		<ID>Piston_OilTempGauge</ID>
		<Title>OIL TEMP</Title>
		<Unit></Unit>
		<Minimum>0</Minimum>
		<Maximum>120</Maximum>
		<Value>
			<Simvar name="GENERAL ENG OIL TEMPERATURE:1" unit="celsius"/>
		</Value>
		<ColorZone>
			<Color>yellow</Color>
			<Begin>0</Begin>
			<End>24</End>
		</ColorZone>
		<ColorZone>
			<Color>green</Color>
			<Begin>24</Begin>
			<End>116</End>
		</ColorZone>
		<ColorZone>
			<Color>red</Color>
			<Begin>116</Begin>
			<End>120</End>
		</ColorZone>
		<BeginText></BeginText>
		<EndText></EndText>
		<RedBlink>
			<Greater>
				<Simvar name="GENERAL ENG OIL TEMPERATURE:1" unit="celsius"/>
				<Constant>120</Constant>
			</Greater>
		</RedBlink>
	  </Gauge>
	  
	  <Gauge>
		<Type>Horizontal</Type>
		<ID>Piston_OilPressGauge</ID>
		<Title>OIL PRESS</Title>
		<Unit></Unit>
		<Minimum>0</Minimum>
		<Maximum>105</Maximum>
		<Value>
			<Simvar name="GENERAL ENG OIL PRESSURE:1" unit="psi"/>
		</Value>
		<ColorZone>
			<Color>red</Color>
			<Begin>0</Begin>
			<End>10</End>
		</ColorZone>
		<ColorZone>
			<Color>yellow</Color>
			<Begin>10</Begin>
			<End>30</End>
		</ColorZone>
		<ColorZone>
			<Color>green</Color>
			<Begin>30</Begin>
			<End>60</End>
		</ColorZone>
		<ColorZone>
			<Color>red</Color>
			<Begin>100</Begin>
			<End>105</End>
		</ColorZone>
		<BeginText></BeginText>
		<EndText></EndText>
		<RedBlink>
			<Or>
				<Greater>
					<Simvar name="GENERAL ENG OIL PRESSURE:1" unit="psi"/>
					<Constant>100</Constant>
				</Greater>
				<Lower>
					<Simvar name="GENERAL ENG OIL PRESSURE:1" unit="psi"/>
					<Constant>10</Constant>
				</Lower>
			</Or>
		</RedBlink>
	  </Gauge>
	  
	  <Gauge>
		<Type>DoubleHorizontal</Type>
		<ID>Piston_AltLoad</ID>
		<Title>ALT LOAD</Title>
		<Unit></Unit>
		<CursorText>1</CursorText>
		<CursorText2>2</CursorText2>
		<Minimum>0</Minimum>
		<Maximum>120</Maximum>
		<Value>
			<Simvar name="ELECTRICAL GENALT BUS AMPS:1" unit="amps"/>
		</Value>
		<Value2>
			<Simvar name="ELECTRICAL GENALT BUS AMPS:2" unit="amps"/>
		</Value2>
		<ColorZone>
			<Color>green</Color>
			<Begin>0</Begin>
			<End>100</End>
		</ColorZone>
		<ColorZone>
			<Color>yellow</Color>
			<Begin>100</Begin>
			<End>120</End>
		</ColorZone>
		<BeginText></BeginText>
		<EndText></EndText>
	  </Gauge>
	  
	  <Gauge>
		<Type>DoubleHorizontal</Type>
		<ID>Piston_VoltsGauge</ID>
		<Title>BUS VOLTS</Title>
		<Unit></Unit>
		<CursorText>1</CursorText>
		<CursorText2>2</CursorText2>
		<Minimum>0</Minimum>
		<Maximum>33</Maximum>
		<Value>
			<Simvar name="ELECTRICAL MAIN BUS VOLTAGE:2" unit="volts"/>
		</Value>
		<Value2>
			<Simvar name="ELECTRICAL MAIN BUS VOLTAGE:3" unit="volts"/>
		</Value2>
		<ColorZone>
			<Color>yellow</Color>
			<Begin>10</Begin>
			<End>24</End>
		</ColorZone>
		<ColorZone>
			<Color>green</Color>
			<Begin>24</Begin>
			<End>30</End>
		</ColorZone>
		<ColorZone>
			<Color>yellow</Color>
			<Begin>30</Begin>
			<End>33</End>
		</ColorZone>
		<BeginText></BeginText>
		<EndText></EndText>
	  </Gauge>
	  
	  <Gauge>
		<Type>DoubleHorizontal</Type>
		<ID>Piston_FuelGauge</ID>
		<Title>FUEL QTY</Title>
		<Unit>GAL</Unit>
		<CursorText>R</CursorText>
		<CursorText2>L</CursorText2>
		<Minimum>0</Minimum>
		<Maximum>30</Maximum>
		<Value>
			<Simvar name="FUEL RIGHT QUANTITY" unit="gallons"/>
		</Value>
		<Value2>
			<Simvar name="FUEL LEFT QUANTITY" unit="gallons"/>
		</Value2>
		<ColorZone>
			<Color>red</Color>
			<Begin>0</Begin>
			<End>1.5</End>
		</ColorZone>
		<ColorZone>
			<Color>yellow</Color>
			<Begin>1.5</Begin>
			<End>5</End>
		</ColorZone>
		<ColorZone>
			<Color>green</Color>
			<Begin>5</Begin>
			<End>24</End>
		</ColorZone>
		<GraduationLength text="True">10</GraduationLength>
		<EndText>F</EndText>
	  </Gauge>
	 
  </EngineDisplay>

</PlaneHTMLConfig>