{
  "content": [
	{
	  "path": "de-DE.locPak",
	  "size": 2203,
	  "date": 1597730632000
	},
	{
	  "path": "en-US.locPak",
	  "size": 826,
	  "date": 1602559747060
	},
	{
	  "path": "es-ES.locPak",
	  "size": 2000,
	  "date": 1597730632000
	},
	{
	  "path": "fr-FR.locPak",
	  "size": 2050,
	  "date": 1597730632000
	},
	{
	  "path": "it-IT.locPak",
	  "size": 2014,
	  "date": 1597730632000
	},
	{
	  "path": "pl-PL.locPak",
	  "size": 2151,
	  "date": 1597730632000
	},
	{
	  "path": "pt-BR.locPak",
	  "size": 1952,
	  "date": 1597730632000
	},
	{
	  "path": "ru-RU.locPak",
	  "size": 2967,
	  "date": 1597730632000
	},
	{
	  "path": "Effects/LIGHT_ASOBO_BeaconTop_B36.fx",
	  "size": 1220,
	  "date": 1602558677452
	},
	{
	  "path": "Effects/LIGHT_ASOBO_Cowl_b36.fx",
	  "size": 1353,
	  "date": 1602652757711
	},
	{
	  "path": "Effects/LIGHT_ASOBO_Glareshield_B36.fx",
	  "size": 1357,
	  "date": 1602707749092
	},
	{
	  "path": "Effects/LIGHT_ASOBO_Landing_B36.fx",
	  "size": 1231,
	  "date": 1601557322000
	},
	{
	  "path": "Effects/LIGHT_ASOBO_Landing_B362.fx",
	  "size": 1324,
	  "date": 1601557584000
	},
	{
	  "path": "Effects/LIGHT_ASOBO_NavigationGreen_B36.fx",
	  "size": 1225,
	  "date": 1602648664418
	},
	{
	  "path": "Effects/LIGHT_ASOBO_NavigationGreen_B362.fx",
	  "size": 1223,
	  "date": 1602642971687
	},
	{
	  "path": "Effects/LIGHT_ASOBO_NavigationRed_B36 - Copy.fx",
	  "size": 1218,
	  "date": 1602522182371
	},
	{
	  "path": "Effects/LIGHT_ASOBO_NavigationRed_B36.fx",
	  "size": 1218,
	  "date": 1602648642698
	},
	{
	  "path": "Effects/LIGHT_ASOBO_NavigationRed_B362.fx",
	  "size": 1224,
	  "date": 1602642956131
	},
	{
	  "path": "Effects/LIGHT_ASOBO_NavigationWhite_B36.fx",
	  "size": 1229,
	  "date": 1602707830812
	},
	{
	  "path": "Effects/LIGHT_ASOBO_Stab_b36left.fx",
	  "size": 1353,
	  "date": 1602707921522
	},
	{
	  "path": "Effects/LIGHT_ASOBO_Stab_b36Right.fx",
	  "size": 1351,
	  "date": 1602707945022
	},
	{
	  "path": "Effects/LIGHT_ASOBO_StrobeSimple_B36.fx",
	  "size": 1233,
	  "date": 1602474436558
	},
	{
	  "path": "Effects/LIGHT_ASOBO_Taxi_B36.fx",
	  "size": 1210,
	  "date": 1602082154000
	},
	{
	  "path": "Effects/LIGHT_ASOBO_Wing_b36left.fx",
	  "size": 1355,
	  "date": 1602649443298
	},
	{
	  "path": "Effects/LIGHT_ASOBO_Wing_b36Right.fx",
	  "size": 1353,
	  "date": 1602555333597
	},
	{
	  "path": "ModelBehaviorDefs/Asobo/Exterior.xml",
	  "size": 66015,
	  "date": 1602478610656
	},
	{
	  "path": "SimObjects/Airplanes/Asobo_Bonanza_G36/ai.cfg",
	  "size": 838,
	  "date": 1604632527441
	},
	{
	  "path": "SimObjects/Airplanes/Asobo_Bonanza_G36/aircraft.cfg",
	  "size": 20038,
	  "date": 1604638940709
	},
	{
	  "path": "SimObjects/Airplanes/Asobo_Bonanza_G36/cameras.cfg",
	  "size": 26062,
	  "date": 1601257284000
	},
	{
	  "path": "SimObjects/Airplanes/Asobo_Bonanza_G36/engines.cfg",
	  "size": 9151,
	  "date": 1604491589580
	},
	{
	  "path": "SimObjects/Airplanes/Asobo_Bonanza_G36/flight_model.cfg",
	  "size": 12920,
	  "date": 1604635745640
	},
	{
	  "path": "SimObjects/Airplanes/Asobo_Bonanza_G36/systems.cfg",
	  "size": 12555,
	  "date": 1604243698040
	},
	{
	  "path": "SimObjects/Airplanes/Asobo_Bonanza_G36/Model.1/model.CFG",
	  "size": 329,
	  "date": 1604081262101
	},
	{
	  "path": "SimObjects/Airplanes/Asobo_Bonanza_G36/Model.2/model.CFG",
	  "size": 329,
	  "date": 1604081262101
	},
	{
	  "path": "SimObjects/Airplanes/Asobo_Bonanza_G36/Model.3/model.CFG",
	  "size": 329,
	  "date": 1604081262101
	},
	{
	  "path": "SimObjects/Airplanes/Asobo_Bonanza_G36/Model.4/model.CFG",
	  "size": 329,
	  "date": 1604081262101
	},
	{
	  "path": "SimObjects/Airplanes/Asobo_Bonanza_G36/Model.5/model.CFG",
	  "size": 329,
	  "date": 1604081262101
	},
	{
	  "path": "SimObjects/Airplanes/Asobo_Bonanza_G36/Model.6/model.CFG",
	  "size": 329,
	  "date": 1604081262101
	},
	{
	  "path": "SimObjects/Airplanes/Asobo_Bonanza_G36/Model.7/model.CFG",
	  "size": 329,
	  "date": 1604081262101
	},
	{
	  "path": "SimObjects/Airplanes/Asobo_Bonanza_G36/Model.8/model.CFG",
	  "size": 329,
	  "date": 1604081262101
	},
	{
	  "path": "SimObjects/Airplanes/Asobo_Bonanza_G36/Model.9/model.CFG",
	  "size": 329,
	  "date": 1604081262101
	},
	{
	  "path": "SimObjects/Airplanes/Asobo_Bonanza_G36/panel/panel.cfg",
	  "size": 859,
	  "date": 1601399424077
	},
	{
	  "path": "SimObjects/Airplanes/Asobo_Bonanza_G36/panel/panel.xml",
	  "size": 15110,
	  "date": 1604622868308
	},
	{
	  "path": "SimObjects/Airplanes/Asobo_Bonanza_G36/TEXTURE.1/BONANZA_AIRFRAME_LIVERY_ALBD.PNG.DDS",
	  "size": 2176,
	  "date": 1601989332000
	},
	{
	  "path": "SimObjects/Airplanes/Asobo_Bonanza_G36/TEXTURE.1/BONANZA_AIRFRAME_LIVERY_ALBD.PNG.DDS.json",
	  "size": 102,
	  "date": 1597730634000
	},
	{
	  "path": "SimObjects/Airplanes/Asobo_Bonanza_G36/TEXTURE.1/texture.CFG",
	  "size": 230,
	  "date": 1598218794000
	},
	{
	  "path": "SimObjects/Airplanes/Asobo_Bonanza_G36/TEXTURE.1/Thumbnail.jpg",
	  "size": 102614,
	  "date": 1602123372000
	},
	{
	  "path": "SimObjects/Airplanes/Asobo_Bonanza_G36/TEXTURE.1/Thumbnail_small.jpg",
	  "size": 52103,
	  "date": 1602123400000
	},
	{
	  "path": "SimObjects/Airplanes/Asobo_Bonanza_G36/TEXTURE.2/BONANZA_AIRFRAME_LIVERY_ALBD.PNG.DDS",
	  "size": 2176,
	  "date": 1601136782000
	},
	{
	  "path": "SimObjects/Airplanes/Asobo_Bonanza_G36/TEXTURE.2/BONANZA_AIRFRAME_LIVERY_ALBD.PNG.DDS.json",
	  "size": 102,
	  "date": 1597730634000
	},
	{
	  "path": "SimObjects/Airplanes/Asobo_Bonanza_G36/TEXTURE.2/texture.CFG",
	  "size": 230,
	  "date": 1598218794000
	},
	{
	  "path": "SimObjects/Airplanes/Asobo_Bonanza_G36/TEXTURE.2/Thumbnail.jpg",
	  "size": 105511,
	  "date": 1602123480000
	},
	{
	  "path": "SimObjects/Airplanes/Asobo_Bonanza_G36/TEXTURE.2/Thumbnail_small.jpg",
	  "size": 53394,
	  "date": 1602123504000
	},
	{
	  "path": "SimObjects/Airplanes/Asobo_Bonanza_G36/TEXTURE.3/BONANZA_AIRFRAME_LIVERY_ALBD.PNG.DDS",
	  "size": 2176,
	  "date": 1601989222000
	},
	{
	  "path": "SimObjects/Airplanes/Asobo_Bonanza_G36/TEXTURE.3/BONANZA_AIRFRAME_LIVERY_ALBD.PNG.DDS.json",
	  "size": 102,
	  "date": 1597730634000
	},
	{
	  "path": "SimObjects/Airplanes/Asobo_Bonanza_G36/TEXTURE.3/texture.CFG",
	  "size": 230,
	  "date": 1598218794000
	},
	{
	  "path": "SimObjects/Airplanes/Asobo_Bonanza_G36/TEXTURE.3/Thumbnail.jpg",
	  "size": 97910,
	  "date": 1602123606000
	},
	{
	  "path": "SimObjects/Airplanes/Asobo_Bonanza_G36/TEXTURE.3/Thumbnail_small.jpg",
	  "size": 55657,
	  "date": 1602123626000
	},
	{
	  "path": "SimObjects/Airplanes/Asobo_Bonanza_G36/TEXTURE.4/BONANZA_AIRFRAME_LIVERY_ALBD.PNG.DDS",
	  "size": 2176,
	  "date": 1601190476000
	},
	{
	  "path": "SimObjects/Airplanes/Asobo_Bonanza_G36/TEXTURE.4/BONANZA_AIRFRAME_LIVERY_ALBD.PNG.DDS.json",
	  "size": 102,
	  "date": 1597730634000
	},
	{
	  "path": "SimObjects/Airplanes/Asobo_Bonanza_G36/TEXTURE.4/texture.CFG",
	  "size": 230,
	  "date": 1598218794000
	},
	{
	  "path": "SimObjects/Airplanes/Asobo_Bonanza_G36/TEXTURE.4/Thumbnail.jpg",
	  "size": 103256,
	  "date": 1602123712000
	},
	{
	  "path": "SimObjects/Airplanes/Asobo_Bonanza_G36/TEXTURE.4/Thumbnail_small.jpg",
	  "size": 51473,
	  "date": 1602123732000
	},
	{
	  "path": "SimObjects/Airplanes/Asobo_Bonanza_G36/TEXTURE.5/BONANZA_AIRFRAME_LIVERY_ALBD.PNG.DDS",
	  "size": 2176,
	  "date": 1602115764000
	},
	{
	  "path": "SimObjects/Airplanes/Asobo_Bonanza_G36/TEXTURE.5/BONANZA_AIRFRAME_LIVERY_ALBD.PNG.DDS.json",
	  "size": 102,
	  "date": 1597730634000
	},
	{
	  "path": "SimObjects/Airplanes/Asobo_Bonanza_G36/TEXTURE.5/texture.CFG",
	  "size": 230,
	  "date": 1598218794000
	},
	{
	  "path": "SimObjects/Airplanes/Asobo_Bonanza_G36/TEXTURE.5/Thumbnail.jpg",
	  "size": 103024,
	  "date": 1602123880000
	},
	{
	  "path": "SimObjects/Airplanes/Asobo_Bonanza_G36/TEXTURE.5/Thumbnail_small.jpg",
	  "size": 58594,
	  "date": 1602123902000
	},
	{
	  "path": "SimObjects/Airplanes/Asobo_Bonanza_G36/TEXTURE.6/BONANZA_AIRFRAME_LIVERY_ALBD.PNG.DDS",
	  "size": 2176,
	  "date": 1602120556000
	},
	{
	  "path": "SimObjects/Airplanes/Asobo_Bonanza_G36/TEXTURE.6/BONANZA_AIRFRAME_LIVERY_ALBD.PNG.DDS.json",
	  "size": 102,
	  "date": 1597730634000
	},
	{
	  "path": "SimObjects/Airplanes/Asobo_Bonanza_G36/TEXTURE.6/texture.CFG",
	  "size": 230,
	  "date": 1598218794000
	},
	{
	  "path": "SimObjects/Airplanes/Asobo_Bonanza_G36/TEXTURE.6/Thumbnail.jpg",
	  "size": 100088,
	  "date": 1602123970000
	},
	{
	  "path": "SimObjects/Airplanes/Asobo_Bonanza_G36/TEXTURE.6/Thumbnail_small.jpg",
	  "size": 50725,
	  "date": 1602123992000
	},
	{
	  "path": "SimObjects/Airplanes/Asobo_Bonanza_G36/TEXTURE.7/BONANZA_AIRFRAME_LIVERY_ALBD.PNG.DDS",
	  "size": 2176,
	  "date": 1602705715813
	},
	{
	  "path": "SimObjects/Airplanes/Asobo_Bonanza_G36/TEXTURE.7/BONANZA_AIRFRAME_LIVERY_ALBD.PNG.DDS.json",
	  "size": 102,
	  "date": 1597730634000
	},
	{
	  "path": "SimObjects/Airplanes/Asobo_Bonanza_G36/TEXTURE.7/texture.CFG",
	  "size": 230,
	  "date": 1598218794000
	},
	{
	  "path": "SimObjects/Airplanes/Asobo_Bonanza_G36/TEXTURE.7/Thumbnail.jpg",
	  "size": 90090,
	  "date": 1602706999387
	},
	{
	  "path": "SimObjects/Airplanes/Asobo_Bonanza_G36/TEXTURE.7/Thumbnail_small.jpg",
	  "size": 52160,
	  "date": 1602707026319
	},
	{
	  "path": "SimObjects/Airplanes/Asobo_Bonanza_G36/TEXTURE.8/BONANZA_AIRFRAME_LIVERY_ALBD.PNG.DDS",
	  "size": 2176,
	  "date": 1602699820511
	},
	{
	  "path": "SimObjects/Airplanes/Asobo_Bonanza_G36/TEXTURE.8/BONANZA_AIRFRAME_LIVERY_ALBD.PNG.DDS.json",
	  "size": 102,
	  "date": 1597730634000
	},
	{
	  "path": "SimObjects/Airplanes/Asobo_Bonanza_G36/TEXTURE.8/texture.CFG",
	  "size": 230,
	  "date": 1598218794000
	},
	{
	  "path": "SimObjects/Airplanes/Asobo_Bonanza_G36/TEXTURE.8/Thumbnail.jpg",
	  "size": 76153,
	  "date": 1602702316096
	},
	{
	  "path": "SimObjects/Airplanes/Asobo_Bonanza_G36/TEXTURE.8/Thumbnail_small.jpg",
	  "size": 55550,
	  "date": 1602702343270
	},
	{
	  "path": "SimObjects/Airplanes/Asobo_Bonanza_G36/TEXTURE.9/BONANZA_AIRFRAME_LIVERY_ALBD.PNG.DDS",
	  "size": 2176,
	  "date": 1604638538151
	},
	{
	  "path": "SimObjects/Airplanes/Asobo_Bonanza_G36/TEXTURE.9/BONANZA_AIRFRAME_LIVERY_ALBD.PNG.DDS.json",
	  "size": 102,
	  "date": 1597730634000
	},
	{
	  "path": "SimObjects/Airplanes/Asobo_Bonanza_G36/TEXTURE.9/texture.CFG",
	  "size": 230,
	  "date": 1598218794000
	},
	{
	  "path": "SimObjects/Airplanes/Asobo_Bonanza_G36/TEXTURE.9/Thumbnail.jpg",
	  "size": 121617,
	  "date": 1604638784005
	},
	{
	  "path": "SimObjects/Airplanes/Asobo_Bonanza_G36/TEXTURE.9/Thumbnail_small.jpg",
	  "size": 92933,
	  "date": 1604638835450
	}
  ]
}
